Year,Month,WeekIndex,Genre,genre_weekly_score,weekly_position
1991,July,1,R&B,1.976879824890622,1
1991,July,1,Pop,1.8923040802678246,2
1991,July,1,Rock,0.5145193844877151,3
1991,July,1,Electronic,0.23241734111299328,4
1991,July,1,Other,0.21894908212693234,5
1991,July,1,Easy Listening,0.183927033676811,6
1991,July,1,Dance,0.14757160928887683,7
1991,July,1,Funk,0.08828589500316256,8
1991,July,1,Folk,0.07692307692307693,9
1991,July,1,Country,0.06779661016949153,10
1991,July,2,Pop,1.8111963548732561,1
1991,July,2,R&B,1.611598494986283,2
1991,July,2,Rock,0.5391143164478547,3
1991,July,2,Other,0.260960275954156,4
1991,July,2,Easy Listening,0.2385318190537935,5
1991,July,2,Electronic,0.17979854158942032,6
1991,July,2,Dance,0.13088755423853757,7
1991,July,2,Country,0.08695652173913043,8
1991,July,2,Folk,0.07692307692307693,9
1991,July,2,Funk,0.07643069244012062,10
1991,July,3,Pop,2.2506805382577966,1
1991,July,3,R&B,1.254689842558037,2
1991,July,3,Rock,0.47878221041114793,3
1991,July,3,Other,0.27873204561533316,4
1991,July,3,Easy Listening,0.20509812849751874,5
1991,July,3,Electronic,0.1335258208216466,6
1991,July,3,Dance,0.1045309427595268,7
1991,July,3,Country,0.08888888888888889,8
1991,July,3,Soul,0.06966941365918347,9
1991,July,3,Funk,0.0631033920417482,10
1991,July,4,Pop,1.7318868067494795,1
1991,July,4,R&B,0.9904625605914321,2
1991,July,4,Rock,0.4788977000102537,3
1991,July,4,Other,0.2790230645643017,4
1991,July,4,Easy Listening,0.22026986500670712,5
1991,July,4,Electronic,0.1349206349206349,6
1991,July,4,Country,0.1,7
1991,July,4,Dance,0.09410150141010447,8
1991,July,4,Soul,0.09002543213069529,9
1991,July,4,Metal,0.06508169250104734,10
