Year,Month,WeekIndex,Genre,genre_weekly_score,weekly_position
1997,December,1,Pop,5.678194305672405,1
1997,December,1,R&B,3.6937449611550686,2
1997,December,1,Hip Hop,2.190829032108483,3
1997,December,1,Country,0.7546626984126984,4
1997,December,1,Soul,0.48098119310291215,5
1997,December,1,Rock,0.3515422602290035,6
1997,December,1,Folk,0.3219495803535511,7
1997,December,1,Other,0.2135236094927088,8
1997,December,1,Electronic,0.13284123680006135,9
1997,December,1,Metal,0.10714285714285714,10
1997,December,2,Pop,5.411293484968935,1
1997,December,2,R&B,3.3042022900733485,2
1997,December,2,Hip Hop,2.3510419115806407,3
1997,December,2,Country,1.087366423649256,4
1997,December,2,Soul,0.4443383513505465,5
1997,December,2,Folk,0.3150503106655627,6
1997,December,2,Rock,0.2959855400958663,7
1997,December,2,Other,0.20946565674227852,8
1997,December,2,Electronic,0.10519774661712823,9
1997,December,2,Dance,0.07776834541723524,10
1997,December,3,Pop,5.030780801221695,1
1997,December,3,R&B,3.234945741734747,2
1997,December,3,Hip Hop,2.3033600973616455,3
1997,December,3,Country,1.0808326512594608,4
1997,December,3,Soul,0.43168409201940616,5
1997,December,3,Rock,0.298657335447219,6
1997,December,3,Folk,0.27547876054396303,7
1997,December,3,Other,0.20061348167109908,8
1997,December,3,Electronic,0.09432975946560386,9
1997,December,3,Metal,0.061224489795918366,10
1997,December,4,Pop,5.166742316976196,1
1997,December,4,R&B,2.5880423202259704,2
1997,December,4,Hip Hop,1.9531799298989452,3
1997,December,4,Country,1.0819532249932127,4
1997,December,4,Rock,0.30833587291605974,5
1997,December,4,Soul,0.2928225736755682,6
1997,December,4,Folk,0.27363699102829536,7
1997,December,4,Other,0.210702953662085,8
1997,December,4,Electronic,0.0879612348444002,9
1997,December,4,Metal,0.06976744186046512,10
