Year,Month,WeekIndex,Genre,genre_weekly_score,weekly_position
2009,July,1,Pop,3.8408325763326423,1
2009,July,1,Hip Hop,1.044755174848012,2
2009,July,1,Country,0.747087364608634,3
2009,July,1,R&B,0.5695709152783358,4
2009,July,1,Metal,0.46089466089466086,5
2009,July,1,Rock,0.39482995086294453,6
2009,July,1,Latin,0.21587301587301588,7
2009,July,1,Soul,0.08488964346349745,8
2009,July,1,Electronic,0.08107843137254901,9
2009,July,1,Funk,0.016129032258064516,10
2009,July,2,Pop,3.7418022076668356,1
2009,July,2,Hip Hop,0.8675133035451956,2
2009,July,2,Country,0.6835375468230267,3
2009,July,2,Metal,0.5815966197545145,4
2009,July,2,R&B,0.544023286478715,5
2009,July,2,Rock,0.4026348395247302,6
2009,July,2,Latin,0.18205128205128204,7
2009,July,2,Soul,0.07573632538569425,8
2009,July,2,Electronic,0.0683531746031746,9
2009,July,2,Funk,0.016129032258064516,10
2009,July,3,Pop,3.677987573335048,1
2009,July,3,Hip Hop,0.7852717277810413,2
2009,July,3,Country,0.6603461871688787,3
2009,July,3,R&B,0.5943606655702762,4
2009,July,3,Metal,0.5018157873663467,5
2009,July,3,Rock,0.3538227559418573,6
2009,July,3,Latin,0.1425438596491228,7
2009,July,3,Soul,0.09490509490509491,8
2009,July,3,Electronic,0.06427718040621266,9
2009,July,3,Dance,0.06083788706739526,10
2009,July,4,Pop,3.8227814735574754,1
2009,July,4,Hip Hop,0.7702899324894242,2
2009,July,4,R&B,0.6120250477790427,3
2009,July,4,Country,0.47687469361333995,4
2009,July,4,Metal,0.44521691387884765,5
2009,July,4,Rock,0.3541648309567534,6
2009,July,4,Latin,0.1446078431372549,7
2009,July,4,Soul,0.07787330316742082,8
2009,July,4,Dance,0.06158357771260997,9
2009,July,4,Electronic,0.053264790764790765,10
